concept_id,concept,tamil,romanization,language,era,english,definition,historical_meaning,modern_meaning,commentary_reference,source_reference,related_concepts,example_sentence,example_translation,confidence,verified_by,version,revision_history
aram,Aram,அறம்,Aram,Tamil,Pre-Sangam & Sangam,"Virtue, moral duty, righteousness",The cosmic and moral order governing individual and societal actions.,"In Sangam literature and Thirukkural, Aram is the first and most fundamental of the Three Aims of Life (Mupporu'l): Aram (virtue), Porul (wealth), Inbam (love). It corresponds broadly to Dharma and encompasses all righteous acts performed without expectation of reward. Thirukkural's first book (Aram) has 38 chapters codifying it.","Morality, charity, duty.","Parimelazhagar, Manakkudavar",Thirukkural Chs 1–38; Tolkappiyam Porulatikaram,"Anbu, Arul, Kollamai, Ozhukkam, Vaimai, Igai",அறத்தாறின் இல்வாழ்க்கை ஆற்றின் புறத்தாறின் போஒய்ப் பெறுவது எவன்.,"If domestic life is lived on virtue's path, what more is gained by other paths?",0.99,Tamil Scholar / Tolkappiyam Tradition,1,[]
anbu,Anbu,அன்பு,Anbu,Tamil,Sangam,"Affection, love, the foundation of Aram",The emotional bond of love that is the root of all virtue.,Thirukkural Chapter 8 declares Anbu as the essential quality of humanity: 'Those who lack love claim all for themselves; those who have love give even their bones.' It is the animating force of domestic virtue and the foundation of Aram.,"Love, affection.",Parimelazhagar,"Thirukkural Chs 8, 79; Kurunthokai 40","Aram, Arul, Inbam, Thozhi, Illaram",அன்பிலார் எல்லாம் தமக்குரியர் அன்புடையார் என்பும் உரியர் பிறர்க்கு.,The loveless claim everything for themselves; the loving give even their bones to others.,0.98,Tamil Scholar / Tolkappiyam Tradition,1,[]
arul,Arul,அருள்,Arul,Tamil,Post-Sangam,"Universal compassion, grace, mercy",Benevolence and compassion extended beyond personal bonds to all living beings.,Arul (Chapter 25 of Thirukkural) is the higher form of Anbu expanded universally. 'Arul-selva'm selvathu'l selva'm' — the wealth of grace is the highest wealth. It is a prerequisite for Ahimsa (Kollamai) and vegetarianism.,"Grace, mercy, divine blessing.",Parimelazhagar,"Thirukkural Chs 25, 26; Manimekalai","Anbu, Kollamai, Thavam, Ozhukkam",அருட்செல்வம் செல்வத்துள் செல்வம் பொருட்செல்வம் பூரியார் கண்ணும் உள.,The wealth of grace is the highest; material wealth can be owned even by the basest men.,0.98,Tamil Scholar / Tolkappiyam Tradition,1,[]
oozh,Oozh,ஊழ்,Uzh,Tamil,Sangam & Post-Sangam,"Fate, karmic destiny, the power of past deeds",The inexorable law of cause and effect resulting from accumulated past actions.,"Thirukkural Chapter 38 (Oozh) states: 'What is stronger than fate? Even if one devises another plan, fate will forestall it.' Oozh represents karma — the deterministic force of past deeds that overrides conscious planning.","Destiny, fate, karma.",Nachinarkkiniyar,Thirukkural Chs 37–38; Purananuru 200,"Vinai, Aram, Thavam",ஊழில் பெருவலி யாவுள மற்றொன்று சூழினும் தான்முந் துறும்.,"What power surpasses fate? Even with another plan, fate comes first.",0.97,Tamil Scholar / Tolkappiyam Tradition,1,[]
thavam,Thavam,தவம்,Thavam,Tamil,Sangam & Post-Sangam,"Penance, spiritual austerity, self-discipline",Rigorous self-restraint and voluntary endurance of pain to gain spiritual power.,Thirukkural Chapter 27: 'Bearing one's own pain and not causing harm to others is the true nature of penance.' Thavam is both moral non-injury (Ahimsa) and physical endurance — the Sangam tradition valued its transformative power.,"Meditation, penance, asceticism.",Parimelazhagar,"Thirukkural Chs 27, 3; Purananuru 195","Kollamai, Ozhukkam, Aram, Turavaram",உற்றநோய் நோற்றல் உயிர்க்குறுகண் செய்யாமை அற்றே தவத்திற்கு உரு.,Bearing one's own pain and not causing harm to others is the true form of penance.,0.96,Tamil Scholar / Tolkappiyam Tradition,1,[]
inbam,Inbam,இன்பம்,Inbam,Tamil,Sangam,"Pleasure, aesthetic joy, Kamam","Aesthetic, sensual, and emotional pleasure, particularly in love (Akam).",Third of the Three Aims (Mupporu'l). Inbam corresponds to Kamam (Sanskrit) and encompasses the complete joy of love and union. It is the entire subject of Thirukkural Book 3 (Kamattuppal) and all Akam poetry.,"Happiness, pleasure.",Parimelazhagar,Thirukkural Book 3; Tolkappiyam Porulatikaram,"Akam, Kadal, Koodal, Pirivu, Kurinji",இன்பம் கடலினும் பெரிதே புணர்ச்சி பிரிவின் அவலத்தை மாற்றும்.,"The joy of union is larger than the ocean, curing the sorrow of separation.",0.94,Tamil Scholar / Tolkappiyam Tradition,1,[]
pukazh,Pukazh,புகழ்,Pugazh,Tamil,Sangam,"Fame, glory, lasting honor",The lasting reputation earned through virtuous deeds and generosity.,"In Sangam heroic poetry, Pukazh (fame) outlasts physical death. The poet Kaniyan Pungundranar in Purananuru and Avvaiyar both emphasize that fame through generous deeds is the only true legacy of a hero.","Fame, reputation, praise.",Nachinarkkiniyar,"Thirukkural Chs 23–24; Purananuru 1, 278","Kodai, Igai, Viram, Porum",ஈதல் இசைபட வாழ்தல் அதுவல்லது ஊதியம் இல்லை உயிர்க்கு.,Giving to the needy and living with fame — that is the only true gain for a living soul.,0.95,Tamil Scholar / Tolkappiyam Tradition,1,[]
porul,Porul,பொருள்,Porul,Tamil,Sangam & Post-Sangam,"Wealth, material well-being, Artha",Economic prosperity acquired through righteous means to sustain life and duty.,"Second of the Mupporu'l. Thirukkural Book 2 (Porul) covers political science, statecraft, diplomacy, and economics. Porul is valid only when earned by Aram. 'Arut-selva'm selvathu'l selva'm, porut-selva'm puuriyaar kannum ula.'","Wealth, material goods, meaning.",Parimelazhagar,Thirukkural Book 2 (Chs 39–95),"Aram, Sengol, Arasan, Nadu",அருட்செல்வம் செல்வத்துள் செல்வம் பொருட்செல்வம் பூரியார் கண்ணும் உள.,The wealth of grace is the highest; material wealth exists even in the basest men.,0.97,Tamil Scholar / Tolkappiyam Tradition,1,[]
ozhukkam,Ozhukkam,ஒழுக்கம்,Ozhukkam,Tamil,Post-Sangam,"Right conduct, moral discipline",Adherence to the ethical code established by virtuous society.,Thirukkural Chapter 14: 'Right conduct leads to excellence; therefore it must be guarded more zealously than life itself.' Ozhukkam is ranked above even learning (Kattru) because conduct without learning is superior to learning without conduct.,"Discipline, ethics, propriety.",Parimelazhagar,Thirukkural Ch 14 (vv. 131–140),"Aram, Vaimai, Nan, Sanror, Panpu",ஒழுக்கம் விழுப்பம் தரலான் ஒழுக்கம் உயிரினும் ஓம்பப் படும்.,Right conduct brings excellence; it must be guarded more zealously than life.,0.97,Tamil Scholar / Tolkappiyam Tradition,1,[]
vaimai,Vaimai,வாய்மை,Vaimai,Tamil,Post-Sangam,"Truthfulness, veracity",Speaking words that are entirely free from causing harm to any living being.,"Thirukkural Chapter 30: 'Truthfulness is speaking words that cause no harm to any. Even falsehood is truthfulness if it produces faultless good.' This uniquely defines truth by its consequences, not just its factual content.","Honesty, truth.",Parimelazhagar,Thirukkural Ch 30 (vv. 291–300),"Aram, Ozhukkam, Kollamai, Mey",வாய்மை எனப்படுவது யாதெனின் யாதொன்றும் தீமை இலாத சொலல்.,Truthfulness means speaking words wholly free of harm to any creature.,0.97,Tamil Scholar / Tolkappiyam Tradition,1,[]
kollamai,Kollamai,கொல்லாமை,Kollamai,Tamil,Post-Sangam,"Non-killing, Ahimsa",The supreme virtue of not destroying any life.,Thirukkural Chapter 33: 'Not killing is the chief virtue; killing is the cause of all other vices.' Thirukkural Ch 26 adds that eating flesh is incompatible with Arul. This precedes Jain/Buddhist Ahimsa in Tamil intellectual tradition.,"Vegetarianism, non-violence.",Parimelazhagar,"Thirukkural Chs 33, 26; Manimekalai","Arul, Thavam, Aram, Vaimai",அறவினை யாதெனின் கொல்லாமை கோறல் பிறவினை எல்லாம் தரும்.,Not killing is the chief virtue; killing causes all other vices.,0.97,Tamil Scholar / Tolkappiyam Tradition,1,[]
igai,Igai,ஈகை,Igai,Tamil,Post-Sangam,"True charity, selfless giving",Giving to the poor without expectation — the only worthy use of wealth.,Thirukkural Chapter 23: 'Giving to the poor is true charity; all other giving has an expectation of return.' Igai is the Akam counterpart of Kodai (Puram giving). It is unconditional giving as moral duty.,"Charity, philanthropy, donation.",Parimelazhagar,Thirukkural Ch 23 (vv. 221–230),"Kodai, Aram, Pukazh, Vallal",வறியார்க்கு ஒன்று ஈவதே ஈகை மற்றெல்லாம் குறியெதிர்ப்பை நீரது உடைத்து.,Giving to the poor is true charity; all other giving is done with expectation of return.,0.96,Tamil Scholar / Tolkappiyam Tradition,1,[]
kodai,Kodai,கொடை,Kodai,Tamil,Sangam,"Royal generosity, philanthropic giving","Giving wealth, food, and gifts — especially by kings to poets and warriors.","Kodai is the Puram virtue of generosity, inseparable from valor (Viram). Sangam kings were evaluated by their Kodai: Chera Uthiyan Cheralathan, Chola Karikal Peruvalathan, and Pandya Nedunchezhiyan are praised for it.","Generosity, donation.","Nachinarkkiniyar, Ilamarukanar","Purananuru 67, 72, 312; Pathitrupathu","Igai, Viram, Vallal, Pukazh, Arasan",ஈயாது வாழ்தல் புன்மை ஆகும் ஈதல் வலியார் செல்வம்.,To live without giving is baseness; generosity is the wealth of the powerful.,0.96,Tamil Scholar / Tolkappiyam Tradition,1,[]
manam,Manam,மானம்,Manam,Tamil,Sangam & Post-Sangam,"Self-respect, honor, dignity",Preserving one's honor and dignity even at the cost of life.,Thirukkural Chapter 97: 'He who cannot tolerate shame is the true noble man.' Manam is the driving ethic of Sangam warriors — they would accept death before accepting dishonor. Purananuru 312 links it to noble parenthood.,"Self-respect, honor.",Nachinarkkiniyar,Thirukkural Ch 97; Purananuru 312,"Viram, Sanror, Pukazh, Nan",மானம் உடையவர்க்கு மாண்பு குன்றாது.,"For those who possess self-respect, excellence never diminishes.",0.95,Tamil Scholar / Tolkappiyam Tradition,1,[]
nan,Nan,நாண்,Naan,Tamil,Post-Sangam,"Moral shame, modesty, shrinking from wrongdoing",The inner restraint that prevents wrong action through moral shame.,Thirukkural Chapter 102: Nan is one of the four virtues of a nobleman. It is the internal conscience that causes one to shrink from base action even when no one is watching — the foundation of moral integrity.,"Shyness, modesty, shame.",Parimelazhagar,Thirukkural Ch 102,"Ozhukkam, Manam, Sanror",நாணின் மகிழ்ச்சி நலனில் உழல்வான் வாணிக வாழ்க்கை வழக்கு.,The life of one who wanders without modesty is mere commerce without nobility.,0.94,Tamil Scholar / Tolkappiyam Tradition,1,[]
karpu,Karpu,கற்பு,Karpu,Tamil,Sangam & Post-Sangam,"Chastity, marital fidelity",Absolute devotion and loyalty to one's spouse as a moral and spiritual power.,Karpu is the supreme virtue of married women in Classical Tamil. Silappathikaram's Kannaki demonstrates its power: her chastity enables her to burn Madurai. Thirukkural Ch 55: 'She who worships her husband commands the rains.',"Chastity, fidelity.","Nachinarkkiniyar, Adiyarkkunallar",Tolkappiyam Akattinaiyal; Silappathikaram; Thirukkural Ch 55,"Illaram, Anbu, Manaivi, Ozhukkam",தெய்வம் தொழாஅள் கொழுநன் தொழுதெழுவாள் பெய்யெனப் பெய்யும் மழை.,The woman who worships her husband rather than the gods commands the rain to fall.,0.96,Tamil Scholar / Tolkappiyam Tradition,1,[]
vrunthompal,Vrunthompal,விருந்தோம்பல்,Virunthombal,Tamil,Post-Sangam,"Hospitality, welcoming of guests",The householder's duty to feed and shelter strangers with generosity.,Thirukkural Chapter 9: 'All domestic living is for the sake of welcoming guests.' Hospitality was a cardinal virtue — eating alone while a guest waits outside is condemned even if the food is nectar. Purananuru 182 glorifies it.,Hospitality.,Parimelazhagar,Thirukkural Ch 9 (vv. 81–90); Purananuru 182,"Illaram, Anbu, Igai, Kodai",இருந்தோம்பி இல்வாழ்வ தெல்லாம் விருந்தோம்பி வேளாண்மை செய்தற் பொருட்டு.,All domestic living is for the sake of welcoming guests with hospitality.,0.96,Tamil Scholar / Tolkappiyam Tradition,1,[]
inna-seyyamai,Inna-Seyyamai,இன்னா செய்யாமை,Inna Seyyaamai,Tamil,Post-Sangam,"Not doing harm, non-retaliation",Refraining from causing pain even to those who have wronged us.,Thirukkural Chapter 32: 'The cure for those who do evil is not to retaliate but to bring them to shame by doing good.' This principle of non-retaliation is distinct from mere passivity — it is an active moral stance.,"Non-harm, forgiveness.",Parimelazhagar,Thirukkural Ch 32,"Aram, Kollamai, Arul, Thavam",அகழ்வாரைத் தாங்கும் நிலம்போல் தம்மை இகழ்வார்ப்பொறுத்தல் தலை.,"To endure those who insult us is the highest virtue, as the earth bears those who dig it.",0.95,Tamil Scholar / Tolkappiyam Tradition,1,[]
sanror,Sanror,சான்றோர்,Saanror,Tamil,Sangam,"Noble scholars, the fully virtuous person","The ideal complete human characterized by wisdom, courage, and moral excellence.","The Sanror (noble one) is the ethical ideal of Sangam society — possessing learning, valor, generosity, and wisdom simultaneously. Purananuru 312: 'To make him a noble man (Sanror) is the father's duty.'","Wise, noble, scholar-sage.",Nachinarkkiniyar,Purananuru 312; Thirukkural Ch 98,"Manam, Pukazh, Ozhukkam, Panpu, Viram",ஈன்று புறந்தருதல் என்தலைக் கடனே சான்றோன் ஆக்குதல் தந்தைக்குக் கடனே.,Bearing and nurturing the child is the mother's duty; making him noble (Sanror) is the father's.,0.96,Tamil Scholar / Tolkappiyam Tradition,1,[]
panpu,Panpu,பண்பு,Panbu,Tamil,Sangam & Post-Sangam,"Character, culture, noble disposition","Affability, empathy, and cultivated goodness of heart.","Thirukkural Chapter 100: Panpu is the all-encompassing quality of good character — loving conduct towards all, cultural refinement, and inner goodness. The Sanror is defined partly by their Panpu.","Character, nature, culture.",Parimelazhagar,Thirukkural Ch 100; Purananuru,"Sanror, Ozhukkam, Anbu, Manam",பண்புடையவர் பழகில் பண்பு பெறுவர் மற்றவர்.,Those who associate with the noble-charactered will themselves acquire noble character.,0.94,Tamil Scholar / Tolkappiyam Tradition,1,[]
viram,Viram,வீரம்,Veeram,Tamil,Sangam,"Valor, military courage, heroism",Fearlessness in the face of the enemy and death on the battlefield.,Viram is the defining virtue of Puram poetry. Heroes wore Thumbai flowers and sought glorious death (Maranam) for eternal fame (Pukazh). Purananuru records kings and warriors who achieved immortality through Viram.,"Bravery, courage, heroism.",Nachinarkkiniyar,Purananuru; Purattinaiyal; Pathitrupathu,"Pukazh, Kodai, Thumbai, Manam, Arasan",விளங்கு தும்பை சூடிப் போர்க்களத்தே உயிர் துறந்தான்.,"Wearing the bright Thumbai flower, he sacrificed his life on the battlefield.",0.97,Tamil Scholar / Tolkappiyam Tradition,1,[]
sengol,Sengol,செங்கோல்,Sengkol,Tamil,Sangam & Post-Sangam,"Just scepter, righteous governance",The symbol of unbiased justice and the king's duty to rule righteously.,"Thirukkural Chapter 55: 'To investigate, be impartial, and administer justice to all is righteous rule.' If the scepter bends (Murankolmai), rains fail and the land suffers. Silappathikaram dramatizes this: Pandyan's unjust execution causes cosmic disorder.","Just rule, governance, the scepter.","Parimelazhagar, Adiyarkkunallar",Thirukkural Ch 55; Silappathikaram; Purananuru 187,"Arasan, Nadu, Aram, Porul",ஓர்ந்துகண் ணோடாது இறைபுரிந்து யார்மாட்டும் தேர்ந்துசெய் வஃதே முறை.,"Investigation, impartiality, and justice to all is the way of righteous rule.",0.97,Tamil Scholar / Tolkappiyam Tradition,1,[]
arasan,Arasan,அரசன்,Arasan,Tamil,Sangam,"King, ruler, protector of the state",The head of state whose primary duty is the welfare of his people.,"The ideal Sangam king embodies Sengol, Kodai, and Viram. Thirukkural Book 2 dedicates 57 chapters to the king's duties. He is the father of the people, and his virtue determines the prosperity of rain and harvest.","King, ruler, leader.",Nachinarkkiniyar,Thirukkural Book 2; Purananuru; Pathitrupathu,"Sengol, Nadu, Viram, Kodai, Porul",நாடுகாத்து நல்ல வழி நடந்த அரசன் வாழ்க்கை நீடுழி வாழ்க.,Long live the king who protects the land and walks the righteous path.,0.96,Tamil Scholar / Tolkappiyam Tradition,1,[]
vinai,Vinai,வினை,Vinai,Tamil,Sangam & Post-Sangam,"Action, deed, karma",The actions performed by a person which accumulate as karma and determine fate.,"Vinai is both the external work a hero does (Vetchi, war, travel) and the internal karma that shapes destiny. Kurunthokai 135: 'Action is the life of men.' Tolkappiyam classifies Vinai in detail.","Action, deed, verb (grammar).",Nachinarkkiniyar,Tolkappiyam; Kurunthokai 135; Thirukkural Ch 37,"Oozh, Aram, Thavam, Palai",வினையே ஆடவர்க்கு உயிரே மனையுறை மகளிர்க்கு ஆடவர் உயிர்.,"Action is the life of men; for women who remain at home, their husband is their life.",0.95,Tamil Scholar / Tolkappiyam Tradition,1,[]
akam,Akam,அகம்,Akam,Tamil,Sangam,"Interior life, love poetry genre","The inner, personal world dealing with love, classified by five landscapes.","One of the two primary divisions of Classical Tamil literature (with Puram). Tolkappiyam Akattinaiyal classifies Akam into five Tinais, each associated with a landscape, season, flower, bird, and emotional situation — without naming individuals.","Inside, interior, heart.","Nachinarkkiniyar, Ilamarukanar",Tolkappiyam Akattinaiyal,"Puram, Tinai, Kurinji, Mullai, Neythal, Palai, Marutham",அகப்பொருள் மாந்தரின் உள்ளத்துணர்வுகளை விளக்கும் இலக்கியப் பாகுபாடாகும்.,Akam literature is the classification that explains the inner feelings of humans.,0.99,Tamil Scholar / Tolkappiyam Tradition,1,[]
puram,Puram,புறம்,Puram,Tamil,Sangam,"Exterior life, heroic poetry genre","The outer, public world of warfare, statecraft, and heroic ethics.","Tolkappiyam Purattinaiyal classifies Puram into seven warfare stages, each with a symbolic flower worn by the warriors. Kings and heroes are named, unlike Akam poetry. Purananuru, Pathitrupathu, and Agananuru are key texts.","Outside, exterior.",Nachinarkkiniyar,Tolkappiyam Purattinaiyal,"Akam, Tinai, Vetchi, Thumbai, Vakai, Viram",புறப்பொருள் போரையும் வீரத்தையும் கொடையையும் பாடும் மரபாகும்.,"Puram literature is the tradition of singing about war, valor, and philanthropy.",0.99,Tamil Scholar / Tolkappiyam Tradition,1,[]
tinai,Tinai,திணை,Tinai,Tamil,Sangam,"Landscape, genre, category of emotional experience","Tolkappiyam's classification system linking landscape, season, and emotion.",Tolkappiyam establishes five main Akam Tinais and seven Puram Tinais. Each Akam Tinai maps: place → time → flower → bird → tree → deity → emotional situation. This is the foundational grammar of Sangam poetics.,"Category, genre, landscape.",Nachinarkkiniyar,Tolkappiyam Porulatikaram,"Akam, Puram, Kurinji, Mullai, Marutham, Neythal, Palai",திணை என்பது இடமும் பொழுதும் உணர்வும் இணைந்த ஓர் இலக்கியக் கோட்பாடு.,"Tinai is a literary concept where place, time, and emotion are unified.",0.99,Tamil Scholar / Tolkappiyam Tradition,1,[]
kurinji,Kurinji,குறிஞ்சி,Kurinji,Tamil,Sangam,Mountain landscape — secret premarital union,The hilly landscape associated with Kalavu (secret love) and union.,"Kurinji Tinai: mountains, night/early dawn, Kurinji flower, Kuyil bird. The emotional situation is Kalavu (secret premarital meeting). Kurunthokai 3 and 40 are celebrated examples.","Kurinji flower, mountain, union.",Nachinarkkiniyar,"Tolkappiyam; Kurunthokai 3, 40; Ainkurunuru","Tinai, Akam, Kadal, Mullai, Kalavu",நிலத்தினும் பெரிதே வானினும் உயர்ந்தன்று சாரல் குறிஞ்சிப் பூக்கொண்டு பெருந்தேன் இழைக்கும் நாடனோடு நட்பே.,Greater than earth and sky is the friendship with the lord of the Kurinji land.,0.98,Tamil Scholar / Tolkappiyam Tradition,1,[]
mullai,Mullai,முல்லை,Mullai,Tamil,Sangam,Pastoral landscape — patient waiting,Forest pastures associated with the heroine's patient wait for the hero's return.,"Mullai Tinai: forest, evening/rainy season, Jasmine flower, Neithal bird. The hero goes away for war or work; the heroine waits with patience (Mella). Ainkurunuru and Natrinai have major Mullai sections.","Jasmine flower, forest, patience.",Nachinarkkiniyar,Tolkappiyam; Ainkurunuru; Natrinai 9; Akananuru 149,"Tinai, Pirivu, Akam, Palai, Neythal",முல்லை நிலத்து மழை பொழியும் மாலையில் தலைவன் வாரான் என்று தலைவி காத்தாள்.,"In the Mullai land when evening rains fell, the heroine waited for her love to return.",0.98,Tamil Scholar / Tolkappiyam Tradition,1,[]
marutham,Marutham,மருதம்,Marutham,Tamil,Sangam,Agricultural landscape — marital quarrel,Fertile river plains associated with infidelity and the wife's righteous jealousy.,"Marutham Tinai: agricultural plains, midday/all seasons, White Marudam flower. The hero strays to a courtesan (Parathai); the wife (Manaivi) shows jealousy (Udal). Kalithokai has extensive Marutham poems.","Agricultural land, water area.",Nachinarkkiniyar,Tolkappiyam; Kalithokai; Akananuru 168,"Tinai, Udal, Parathai, Manaivi, Akam",மருதம் நிலத்தில் மனைவி மனம் கொதித்து ஊடல் கொண்டாள்.,"In the fertile Marutham land, the wife seethed inwardly and took up a lover's tiff.",0.97,Tamil Scholar / Tolkappiyam Tradition,1,[]
neythal,Neythal,நெய்தல்,Neythal,Tamil,Sangam,Coastal landscape — grief and longing,The seashore region symbolizing the heroine's grief during separation.,"Neythal Tinai: seashore, evening/all seasons, Blue Lotus flower, Tern bird. The hero delays his return; the heroine weeps by the sea. Narrinai opens with a Neythal poem; Kurunthokai has many.","Blue lotus, coastal area.",Nachinarkkiniyar,Tolkappiyam; Narrinai 1; Kurunthokai 31,"Tinai, Pirivu, Akam, Kadal, Thozhi",நெய்தல் நிலத்துத் தலைவி கடலையே நோக்கி நின்றாள்.,The heroine of the coastal land stood gazing at the sea for her departed lover.,0.98,Tamil Scholar / Tolkappiyam Tradition,1,[]
palai,Palai,பாலை,Palai,Tamil,Sangam,Arid landscape — painful separation,The desert/wilderness region symbolizing painful separation and dangerous travel.,"Palai Tinai: arid wasteland, noon/hot seasons, Palai tree. The hero departs through the dangerous desert for wealth or war. Akananuru and Narrinai have major Palai sections of grief and longing.","Desert, arid land, separation.",Nachinarkkiniyar,Tolkappiyam; Akananuru; Natrinai 52,"Tinai, Pirivu, Vinai, Mullai, Akam",பாலை நிலத்தில் பிரிந்த காதலன் வரும் நாள் வரை பொறுத்திருக்கும் கல்மனம்.,"In the arid Palai landscape, the heroine's stone-like heart waits for her love to return.",0.98,Tamil Scholar / Tolkappiyam Tradition,1,[]
vetchi,Vetchi,வெட்சி,Vetchi,Tamil,Sangam,Cattle raiding — first stage of war,Invading force wearing Vetchi flowers to steal enemy cattle as the first act of war.,Tolkappiyam Purattinaiyal establishes seven Puram genres by warfare flower. Vetchi is the first: cattle raiding to provoke conflict. The defenders respond with Karanthai (cattle rescue).,"Cattle raid, first strike.",Nachinarkkiniyar,Tolkappiyam Purattinaiyal,"Puram, Karanthai, Thumbai, Vakai, Viram",மன்னன் வெட்சி பூவைச் சூடிப் போர்க்களத்திற்குச் சென்றான்.,The king went to the battlefield wearing the Vetchi flower.,0.96,Tamil Scholar / Tolkappiyam Tradition,1,[]
karanthai,Karanthai,கரந்தை,Karanthai,Tamil,Sangam,Cattle rescue — defensive warfare,Defenders wearing Karanthai flowers to rescue raided cattle.,"The second stage of Puram warfare. After Vetchi (cattle raid), the defenders mobilize wearing Karanthai flowers to reclaim their cattle and honor. Part of the ritualized warfare cycle in Sangam culture.","Defense, counter-raid.",Nachinarkkiniyar,Tolkappiyam Purattinaiyal,"Vetchi, Thumbai, Puram, Viram",காளையரும் கரந்தை சூடிப் போர்க்களம் புகுந்தனர்.,The young warriors wore Karanthai flowers and entered the battlefield.,0.95,Tamil Scholar / Tolkappiyam Tradition,1,[]
vanji,Vanji,வஞ்சி,Vanji,Tamil,Sangam,Invasion march — conquest of enemy territory,King marching with troops wearing Vanji flowers to conquer enemy land.,Vanji is the offensive march of a king to claim dominion. The Chera dynasty capital was named Vanji. Vanji songs in Purananuru celebrate the martial departure of kings for conquest.,"Invasion, marching, conquest.",Nachinarkkiniyar,Tolkappiyam Purattinaiyal; Purananuru,"Puram, Viram, Arasan, Kanchi, Kodai",வஞ்சிப் பூவைச் சூடிய மன்னன் பகை நாட்டை வென்றான்.,The king wearing Vanji flowers conquered the enemy land.,0.95,Tamil Scholar / Tolkappiyam Tradition,1,[]
kanchi,Kanchi,காஞ்சி,Kanchi,Tamil,Sangam,"Defense of land, impermanence",Defending one's territory or reflecting on the transience of all things.,"Kanchi is the meditative warfare genre — the defender's awareness of impermanence, the brevity of victory and life. It is the philosophical layer of Puram poetry, reflecting that all greatness passes. Purananuru has many Kanchi poems.","Defense, transience, gold (tree).",Nachinarkkiniyar,Tolkappiyam Purattinaiyal; Purananuru,"Puram, Vanji, Thumbai, Viram, Oozh",காஞ்சி நிலையில் வீரன் வாழ்க்கையின் நிலையாமையை உணர்ந்தான்.,"In the Kanchi stage, the warrior understood the impermanence of life.",0.95,Tamil Scholar / Tolkappiyam Tradition,1,[]
nochi,Nochi,நொச்சி,Nochi,Tamil,Sangam,Fortress defense,Soldiers defending the walls of a fort wearing Nochi leaves.,Nochi is the Puram genre of fort defense. The defenders within the fort wear Nochi leaves; the besiegers respond with Uzhignai. It represents endurance and the courage of the besieged.,"Fortress, siege defense.",Nachinarkkiniyar,Tolkappiyam Purattinaiyal,"Uzhignai, Puram, Viram, Vetchi",நொச்சி இலையணிந்த வீரர்கள் கோட்டை மதிலில் காவல் நின்றார்.,Warriors wearing Nochi leaves stood guard on the fort walls.,0.95,Tamil Scholar / Tolkappiyam Tradition,1,[]
uzhignai,Uzhignai,உழிஞை,Uzhignai,Tamil,Sangam,Fortress siege,Invaders encircling and besieging a fort wearing Uzhignai.,Uzhignai is the Puram genre of besieging a fort. The invaders wear Uzhignai and attempt to break through. It stands opposite to Nochi (fortress defense).,"Siege, encirclement.",Nachinarkkiniyar,Tolkappiyam Purattinaiyal,"Nochi, Puram, Vanji, Viram",உழிஞை சூடிய படைகள் கோட்டையை வளைத்தனர்.,Armies wearing Uzhignai encircled and besieged the fortress.,0.94,Tamil Scholar / Tolkappiyam Tradition,1,[]
thumbai,Thumbai,தும்பை,Thumbai,Tamil,Sangam,Open battle — equal combat,Both armies meeting on an open field wearing Thumbai flowers for open warfare.,Thumbai is the most glorified Puram genre — open pitched battle where both sides agree to fight equally. The warrior who dies in Thumbai wearing its flowers achieves eternal fame (Pukazh) and a hero stone (Naduvaikal).,"Open battle, Thumbai flower.",Nachinarkkiniyar,Tolkappiyam Purattinaiyal; Purananuru 282,"Puram, Viram, Vakai, Manam, Vetchi",விளங்கு தும்பை சூடிப் போர்க்களத்தே உயிர் துறந்தான்.,"Wearing the bright Thumbai flower, he sacrificed his life on the battlefield.",0.97,Tamil Scholar / Tolkappiyam Tradition,1,[]
vakai,Vakai,வாகை,Vakai,Tamil,Sangam,"Victory, celebration of triumph",The victorious warriors wearing Vakai flowers to celebrate military triumph.,Vakai concludes the Puram warfare cycle. Victorious armies wear White Vakai flowers. Vakai songs praise the king's victory in war and the distribution of spoils. It also represents the scholar's victory in learned debate.,"Victory, triumph, Vakai flower.",Nachinarkkiniyar,Tolkappiyam Purattinaiyal; Akananuru 100,"Thumbai, Viram, Pukazh, Arasan, Kodai",வேல்வீரன் வெற்றிக்கு மகிழ்ந்த குடிமக்கள் வாகை மாலை சூடினர்.,The people rejoiced at the warrior's victory and wore garlands of Vakai flowers.,0.96,Tamil Scholar / Tolkappiyam Tradition,1,[]
padan,Padan,பாடாண்,Paadaan,Tamil,Sangam,Eulogy of a hero's deeds,"Poetic genre praising the fame, power, and gifts of a specific hero.",Padan is the Puram sub-genre devoted to direct eulogy of a king or warrior. Pathitrupathu is entirely composed of Padan poems for Chera kings. The poet's livelihood depended on the king's Kodai in response to Padan praise.,"Eulogy, praise poem.",Nachinarkkiniyar,Tolkappiyam Purattinaiyal; Pathitrupathu,"Puram, Kodai, Pukazh, Arasan, Pulavan",கபிலர் புலவர் பாண்டியன் நெடுஞ்செழியனை பாடாண் பாட்டில் புகழ்ந்தார்.,The poet Kapilar praised King Nedunchezhiyan in a Padan eulogy.,0.94,Tamil Scholar / Tolkappiyam Tradition,1,[]
nakai,Nakai,நகை,Nagai,Tamil,Sangam,"Laughter, mirth, humor",Physical manifestation of laughter — one of eight Meyppadus in Tolkappiyam.,Tolkappiyam Meyppattiyal classifies eight physical manifestations of emotion (Meyppadu). Nakai is triggered by comic or joyful situations. It corresponds to the Hasya rasa in Sanskrit aesthetics.,"Laughter, jewelry, joy.",Nachinarkkiniyar,Tolkappiyam Meyppattiyal,"Alukai, Acham, Uvakai, Perumitham",கோவலன் நகையுடன் மாதவியின் நடனத்தைப் பார்த்தான்.,Kovalan watched Madhavi's dance with laughter and delight.,0.94,Tamil Scholar / Tolkappiyam Tradition,1,[]
alukai,Alukai,அழுகை,Azhugai,Tamil,Sangam,"Weeping, sorrow, grief",Physical expression of sorrow — one of eight Meyppadus.,"Alukai is the physical manifestation of weeping triggered by loss, separation, or tragedy. It is the dominant Meyppadu of Neythal and Palai landscapes where the heroine weeps for the absent hero.","Crying, weeping.",Nachinarkkiniyar,Tolkappiyam Meyppattiyal,"Nakai, Acham, Pirivu, Neythal",தலைவியின் அழுகை கடல் நீரினும் பெரிதாயிற்று.,The heroine's weeping became greater than the sea itself.,0.94,Tamil Scholar / Tolkappiyam Tradition,1,[]
ilivaral,Ilivaral,இழிவரல்,Ilivaral,Tamil,Sangam,"Disgust, self-pity, contempt",Physical manifestation of revulsion or degradation — one of eight Meyppadus.,"Ilivaral is triggered by humiliating experiences, degradation, or self-contempt. In Akam poetry it appears when the heroine feels dishonored; in Puram when a warrior faces shame.","Contempt, disgust.",Nachinarkkiniyar,Tolkappiyam Meyppattiyal,"Manam, Nan, Nakai",வீரன் தன் தோல்வியை கண்டு இழிவரலில் வீழ்ந்தான்.,"Seeing his defeat, the warrior fell into disgust and shame.",0.93,Tamil Scholar / Tolkappiyam Tradition,1,[]
marutkai,Marutkai,மருட்கை,Marutkkai,Tamil,Sangam,"Wonder, astonishment, awe",Physical manifestation of awe and surprise — one of eight Meyppadus.,"Marutkai corresponds to the Adbhuta rasa of Sanskrit aesthetics. In Sangam poetry it appears when heroes witness the grandeur of nature, divine acts, or extraordinary valor in battle.","Wonder, awe, astonishment.",Nachinarkkiniyar,Tolkappiyam Meyppattiyal,"Uvakai, Acham, Perumitham",மன்னன் கொடையைக் கண்டு புலவர் மருட்கையில் திகைத்தார்.,"Seeing the king's generosity, the poet stood in wonder and awe.",0.93,Tamil Scholar / Tolkappiyam Tradition,1,[]
acham,Acham,அச்சம்,Acham,Tamil,Sangam,"Fear, dread, terror",Physical manifestation of fear — one of eight Meyppadus.,"Acham corresponds to the Bhayanaka rasa. In Akam poetry, the heroine fears the dangerous landscape (desert, sea) during her lover's absence. In Puram, warriors face Acham before battle but conquer it through Viram.","Fear, dread.",Nachinarkkiniyar,Tolkappiyam Meyppattiyal,"Viram, Marutkai, Perumitham",வீரன் அச்சமின்றி போர்க்களம் புகுந்தான்.,The warrior entered the battlefield without fear.,0.93,Tamil Scholar / Tolkappiyam Tradition,1,[]
perumitham,Perumitham,பெருமிதம்,Perumitham,Tamil,Sangam,"Noble pride, heroic dignity","The dignified pride arising from valor, learning, or charitable deeds.","Perumitham corresponds to Veera rasa. It is the physical manifestation of noble pride — the warrior's upright bearing, the scholar's confident eloquence, the king's dignified generosity. Thirukkural praises this as Manam.","Pride, arrogance, dignity.",Nachinarkkiniyar,Tolkappiyam Meyppattiyal,"Viram, Manam, Sanror, Pukazh",வேந்தன் வெற்றியுடன் பெருமிதத்தோடு வீரர்களை வரவேற்றான்.,The king welcomed the warriors with noble pride after the victory.,0.94,Tamil Scholar / Tolkappiyam Tradition,1,[]
vekuli,Vekuli,வெகுளி,Veguli,Tamil,Sangam,"Righteous anger, wrath",Physical manifestation of anger — one of eight Meyppadus.,"Vekuli corresponds to Raudra rasa. In Puram poetry it is the righteous anger of the king when injustice is done. In Akam, it is the wife's anger (Udal) in Marutham. Thirukkural warns that uncontrolled Vekuli destroys the self.","Anger, wrath.",Nachinarkkiniyar,Tolkappiyam Meyppattiyal; Thirukkural Ch 31,"Acham, Udal, Marutham, Sengol",நீதி மறுக்கப்பட்டதால் அரசன் வெகுளியில் எழுந்தான்.,"When justice was denied, the king rose in righteous anger.",0.93,Tamil Scholar / Tolkappiyam Tradition,1,[]
uvakai,Uvakai,உவகை,Uvagai,Tamil,Sangam,"Delight, joy, ecstasy",Pure joy and satisfaction — one of eight Meyppadus.,"Uvakai corresponds to Shanta rasa or Sringara's joy. It is the physical manifestation of happiness at reunion, gift-receiving, or victory. Koodal (union) in Kurinji Tinai is the primary context for Uvakai in Akam poetry.","Joy, delight, happiness.",Nachinarkkiniyar,Tolkappiyam Meyppattiyal,"Nakai, Koodal, Inbam, Kurinji",தலைவன் திரும்பி வந்ததால் தலைவி உவகையில் மகிழ்ந்தாள்.,The heroine rejoiced with delight when her love returned.,0.94,Tamil Scholar / Tolkappiyam Tradition,1,[]
illaram,Illaram,இல்லறம்,Illaram,Tamil,Post-Sangam,Virtuous domestic life,The righteous path of married household life.,"Thirukkural Chapter 5 celebrates Illaram as superior to asceticism if lived virtuously. 'The householder is the support of the other three orders of life.' It balances Aram (virtue), love (Anbu), and social duty (Ozhukkam).","Domestic life, married life.",Parimelazhagar,Thirukkural Chs 5–9,"Turavaram, Aram, Anbu, Karpu, Vrunthompal",இல்வாழ்வான் என்பான் இயல்புடைய மூவர்க்கும் நல்லாற்றின் நின்ற துணை.,The householder is the pillar of support for the other three righteous life-paths.,0.97,Tamil Scholar / Tolkappiyam Tradition,1,[]
turavaram,Turavaram,துறவறம்,Thuravam,Tamil,Post-Sangam,"Renounced life, asceticism",The path of detachment from worldly bonds pursued for spiritual liberation.,"Thirukkural Chapter 35: Turavaram is praised as the highest path, but Illaram lived virtuously is its equal. Manimekalai's heroine renounces domestic life to pursue Turavaram for universal compassion.","Renunciation, asceticism.",Parimelazhagar,"Thirukkural Chs 27, 35; Manimekalai","Illaram, Thavam, Aram, Sanror",மணிமேகலை இல்வாழ்க்கையை துறந்து துறவறம் மேற்கொண்டாள்.,Manimekalai renounced domestic life and embraced the ascetic path.,0.95,Tamil Scholar / Tolkappiyam Tradition,1,[]
thozhi,Thozhi,தோழி,Thozhi,Tamil,Sangam,"Female confidante, companion of the heroine","The heroine's close friend who advises, protects, and acts as her messenger.","The Thozhi is an indispensable character in Akam poetry. She mediates between the lovers, consoles the heroine during separation, and often speaks more poems than the heroine herself. Tolkappiyam defines her role precisely.","Female friend, companion.",Nachinarkkiniyar,Tolkappiyam Akattinaiyal; all Five Tinai collections,"Katali, Katalan, Panan, Akam, Neythal",தோழி இன்சொல் பேசி தலைவியின் துயரை தணித்தாள்.,The confidante spoke sweetly and alleviated the heroine's grief.,0.97,Tamil Scholar / Tolkappiyam Tradition,1,[]
panan,Panan,பாணன்,Paanan,Tamil,Sangam,"Minstrel, bard, love messenger",A singer and messenger who carries the hero's message to the heroine.,"The Panan played the Yazh and sang for kings and lovers alike. In Puram, he received Kodai (gifts) for his poems. In Akam, he carried the hero's messages through the dangerous Palai landscape.","Folk singer, minstrel.",Nachinarkkiniyar,Tolkappiyam; Purananuru; Ainkurunuru,"Pulavan, Yazh, Kodai, Puram, Akam",பாணன் யாழிசையால் மன்னனின் புகழை பாடி கொடை பெற்றான்.,The minstrel sang the king's praises with the Yazh and received generous gifts.,0.95,Tamil Scholar / Tolkappiyam Tradition,1,[]
virali,Virali,விறலி,Virali,Tamil,Sangam,Female dancer-bard,"A female performer who danced and sang, accompanying the male Panan.",The Virali was the female counterpart of the Panan. She danced while the Panan sang. Together they traveled between courts to receive royal patronage. Many Purananuru poems address or praise the Virali's skills.,"Female dancer, performer.",Nachinarkkiniyar,Tolkappiyam; Purananuru,"Panan, Koothu, Yazh, Kodai",விறலி நடனம் ஆடி மன்னனின் மனத்தை மகிழ்வித்தாள்.,The female dancer danced and delighted the king's heart.,0.94,Tamil Scholar / Tolkappiyam Tradition,1,[]
vallal,Vallal,வள்ளல்,Vallal,Tamil,Sangam,"Great philanthropist, generous chieftain",A chieftain or king famous for extraordinary generosity to poets and the poor.,"The title Vallal was given to kings and chieftains who gave unstintingly. The Seven Great Tamil Patrons (Kaadai Ezhu Vallalgal) are the most celebrated: Pari, Kari, Ori, Pegan, Ay, Athigan, Nalli.","Philanthropist, generous patron.",Nachinarkkiniyar,Purananuru; Pathitrupathu,"Kodai, Igai, Pukazh, Arasan, Panan",வள்ளலின் கொடை கேட்டு புலவர்கள் தொலைவிலிருந்து வந்தனர்.,"Hearing the philanthropist's generosity, poets came from afar.",0.96,Tamil Scholar / Tolkappiyam Tradition,1,[]
kelir,Kelir,கேளிர்,Kelir,Tamil,Sangam,"Kinsmen, universal relations",The concept of all humanity as one's kinsmen.,"Purananuru 192 by Kaniyan Pungundranar: 'Yaathum oore, yaavarum kelir' — 'Every city is mine, all people are my kinsmen.' This is the most radical statement of universal brotherhood in ancient Tamil thought.","Relatives, kinsmen.",Nachinarkkiniyar,Purananuru 192,"Anbu, Arul, Vrunthompal, Puram",யாதும் ஊரே யாவரும் கேளிர்.,Every city is my native place; all people are my kinsmen.,0.99,Tamil Scholar / Tolkappiyam Tradition,1,[]
pulavan,Pulavan,புலவன்,Pulavan,Tamil,Sangam,"Poet, scholar-bard","A learned poet composing in honor of truth, beauty, and human experience.","The Sangam Pulavan was not just a poet but a moral philosopher and historian. Poets like Kapilar, Paranar, and Avvaiyar shaped the ethical discourse of their age. They depended on royal patronage (Kodai) for their livelihood.","Poet, learned person.",Nachinarkkiniyar,Purananuru; Pathitrupathu,"Panan, Nool, Kodai, Avai, Pukazh",புலவன் தன் பாடலில் மன்னனின் வீரத்தையும் கொடையையும் போற்றினான்.,The poet praised the king's valor and generosity in his poem.,0.96,Tamil Scholar / Tolkappiyam Tradition,1,[]
uvamam,Uvamam,உவமம்,Uvamam,Tamil,Sangam,"Simile, comparison",The primary literary device comparing emotions to nature in Akam poetry.,Tolkappiyam Porulatikaram specifies hundreds of permitted Uvamam (similes) for each Tinai. Each landscape has its own sanctioned set of comparisons. Kurunthokai 40's red earth simile is the most celebrated example.,"Simile, metaphor.",Nachinarkkiniyar,Tolkappiyam Porulatikaram,"Ullurai, Iraichi, Kurippu, Akam",செம்புலப் பெயல்நீர் போல அன்புடை நெஞ்சம் தாங்கலந்த னவே.,"Like red soil mixing with pouring rain, our loving hearts have merged into one.",0.96,Tamil Scholar / Tolkappiyam Tradition,1,[]
ullurai,Ullurai,உள்ளுறை,Ulluurai,Tamil,Sangam,"Inherent metaphor, implied meaning",An embedded metaphor in Akam poems where nature parallels human emotion.,Ullurai is a sophisticated Tolkappiyam device where the natural image and the human emotional situation are not directly compared (as in Uvamam) but run as parallel narratives that illuminate each other implicitly.,"Implied metaphor, subtext.",Nachinarkkiniyar,Tolkappiyam Porulatikaram,"Uvamam, Iraichi, Akam, Tinai",உள்ளுறை என்பது இயற்கையையும் மனிதனையும் ஒரு நேரத்தில் கூறும் நுட்பமான உத்தி.,Ullurai is the subtle device that simultaneously describes nature and the human heart.,0.95,Tamil Scholar / Tolkappiyam Tradition,1,[]
yazh,Yazh,யாழ்,Yaazh,Tamil,Sangam,"Tamil lute, ancient harp",The primary stringed instrument of Classical Tamil culture.,The Yazh was the principal instrument of Sangam music. The Panan played it while accompanying the king or carrying messages for lovers. Silappathikaram extensively describes various types of Yazh and musical scales (Pan).,"Lute, harp.",Adiyarkkunallar,Silappathikaram; Purananuru; Pathitrupathu,"Pan, Panan, Koothu, Parai",பாணன் யாழிசையால் தலைவியின் காதலனை அழைத்தான்.,The minstrel summoned the heroine's lover with the music of the Yazh.,0.96,Tamil Scholar / Tolkappiyam Tradition,1,[]
pan,Pan,பண்,Pan,Tamil,Sangam,"Melody, musical scale, raga",Musical scales corresponding to landscapes and emotional states.,Each Tinai had its own sanctioned Pan (melody). Silappathikaram describes seven Pans for the seven Tinais. The most celebrated is Kurinji-Pan for mountain love songs. Tolkappiyam's Marabu (tradition) encoded this system.,"Melody, tune, musical mode.",Adiyarkkunallar,Silappathikaram; Tolkappiyam,"Yazh, Koothu, Tinai, Karupporul",குறிஞ்சி பண்ணில் பாடப்பட்ட பாட்டு காதலரின் நெஞ்சை நெகிழ்த்தது.,The song sung in the Kurinji melody melted the lovers' hearts.,0.95,Tamil Scholar / Tolkappiyam Tradition,1,[]
koothu,Koothu,கூத்து,Koothu,Tamil,Sangam,"Classical drama, ritual dance",Theatrical dance performance depicting epics and stories.,Koothu was the primary dramatic tradition of the Sangam era. Silappathikaram's Madhavi is a master of Koothu — the text lists numerous types of dance including Arangetram (debut performance).,"Folk drama, Theyyam, Koothu performance.",Adiyarkkunallar,Silappathikaram Ch 5; Tolkappiyam,"Yazh, Pan, Virali, Panan",மாதவி அரங்கேற்றத்தில் கூத்து நடனம் ஆடி மன்னனை மகிழ்வித்தாள்.,Madhavi performed the Koothu dance at her debut and delighted the king.,0.95,Tamil Scholar / Tolkappiyam Tradition,1,[]
nool,Nool,நூல்,Nool,Tamil,Sangam,"Book, canonical treatise","A structured canonical text containing moral codes, grammar, or science.","Nool is the term for authoritative texts: Tolkappiyam (grammar/poetics), Thirukkural (ethics), Silappathikaram (epic). Thirukkural opens with praise of God as 'the beginning' — a Nool of Nools.","Book, thread, text.",Nachinarkkiniyar,Tolkappiyam; Thirukkural; Purananuru,"Pulavan, Avai, Pa, Venpa",நூலறிந்து நன்மை செய்வோரே உலகில் வாழும் பயனுடையோர்.,Those who know the canonical texts and do good are the ones who live worthily.,0.94,Tamil Scholar / Tolkappiyam Tradition,1,[]
venpa,Venpa,வெண்பா,Venba,Tamil,Post-Sangam,Classical four-line verse meter,"The strict metrical form of Thirukkural, characterized by rhyming couplets.","Venpa is one of the four main Tamil meters (Pa). Thirukkural uses Kuttraalenba (a type of Venpa) with strict rules: 4 feet per line, 2 lines per couplet, a unique 'kural' foot in the second line. It is the most demanding and prestigious Sangam meter.",Classical Tamil verse form.,Nachinarkkiniyar,Thirukkural; Tolkappiyam Cheyyuliyal,"Nool, Pa, Asiriyappa, Kalippa",வெண்பா அமைப்பில் திருவள்ளுவர் மனித நேயத்தை பாடினார்.,"In the Venpa meter, Thiruvalluvar sang of human virtue.",0.95,Tamil Scholar / Tolkappiyam Tradition,1,[]
kanavan,Kanavan,கணவன்,Kanavan,Tamil,Sangam,Husband,The male partner in marriage and head of the household.,"In Sangam poetry, the Kanavan is the hero who leaves for war or wealth (Palai, Mullai). Kurunthokai 135: 'Action is the life of men; for women at home, their Kanavan is life.' Thirukkural Ch 6 describes the ideal mutual relationship.",Husband.,Nachinarkkiniyar,Thirukkural Ch 6; Kurunthokai 135; Tolkappiyam,"Manaivi, Illaram, Karpu, Anbu",கணவன் வீடு திரும்பும் நாளை தலைவி ஆவலுடன் எதிர்பார்த்தாள்.,The heroine eagerly awaited the day her husband would return home.,0.96,Tamil Scholar / Tolkappiyam Tradition,1,[]
manaivi,Manaivi,மனைவி,Manaivi,Tamil,Sangam,"Wife, mistress of the household",The female partner in marriage and guardian of domestic virtue.,The Manaivi is the central figure of Thirukkural Chapter 6 (Vaazhkkai Thunainalm). Her virtue (Karpu) and management of the household (Mana-maadchi) determine the family's prosperity and the husband's honor.,Wife.,Parimelazhagar,Thirukkural Ch 6; Tolkappiyam; Silappathikaram,"Kanavan, Karpu, Illaram, Thozhi",மனைமாட்சி இல்லாள்கண் இல்லாயின் வாழ்க்கை எனைமாட்சித்து ஆயினும் இல்.,"If the wife lacks home-adorning virtue, however grand the life, it has no real worth.",0.96,Tamil Scholar / Tolkappiyam Tradition,1,[]
kadal,Kadal,காதல்,Kaaathal,Tamil,Sangam,"Romantic love, passionate affection",Mutual romantic and passionate affection between a man and a woman.,Kadal (love) is the soul of all Akam poetry. It encompasses the full range from secret meeting (Kalavu/Kurinji) to marital union (Karpu) and longing during separation. Kurunthokai 3 is the supreme expression.,"Love, romantic love.",Nachinarkkiniyar,"Tolkappiyam; Kurunthokai 3, 40; all Five Tinai collections","Anbu, Inbam, Kalavu, Koodal, Pirivu",நிலத்தினும் பெரிதே வானினும் உயர்ந்தன்று குறிஞ்சி நாடனோடு நட்பே.,Greater than earth and higher than sky is my love for the lord of the Kurinji land.,0.97,Tamil Scholar / Tolkappiyam Tradition,1,[]
kalavu,Kalavu,களவு,Kalavu,Tamil,Sangam,Secret premarital love,"The hidden, clandestine phase of love before parental approval and marriage.",Tolkappiyam defines Kalavu as the first phase of Akam love — secret meetings in the mountainous Kurinji landscape at night. It precedes Karpu (married fidelity). The Thozhi mediates between the lovers during Kalavu.,"Secret love, hidden affair.",Nachinarkkiniyar,Tolkappiyam Akattinaiyal; Kurunthokai; Ainkurunuru,"Karpu, Kurinji, Thozhi, Kadal",களவு ஒழுக்கத்தில் தலைவன் தலைவியை இரவில் மலைச்சரிவில் சந்தித்தான்.,"In the convention of secret love, the hero met the heroine at night on the hillside.",0.96,Tamil Scholar / Tolkappiyam Tradition,1,[]
koodal,Koodal,கூடல்,Koodal,Tamil,Sangam,"Union, joyful reunion of lovers",The happy coming-together of separated lovers.,Koodal is the opposite of Pirivu (separation). It is the emotional climax of the lovers' journey — whether the first union in Kurinji or the return from Palai separation. Uvakai (delight) is its defining Meyppadu.,"Union, meeting, coming together.",Nachinarkkiniyar,Tolkappiyam; Kurinji Tinai poems,"Pirivu, Kadal, Kurinji, Uvakai",நெடுநாள் பிரிவுக்கு பிறகு தலைவன் வந்ததால் கூடல் இனிதாயிற்று.,"After a long separation, the hero's return made the union sweet.",0.95,Tamil Scholar / Tolkappiyam Tradition,1,[]
pirivu,Pirivu,பிரிவு,Pirivu,Tamil,Sangam,"Separation, departure of the hero","The hero's departure for war, education, or wealth — the source of the heroine's grief.","Pirivu is the emotional core of Palai, Neythal, and Mullai Tinais. The hero's separation generates the heroine's longing and the Thozhi's consolation. Narrinai, Kurunthogai, and Akananuru are full of Pirivu imagery.","Separation, division.",Nachinarkkiniyar,Tolkappiyam; Natrinai; Kurunthokai; Akananuru,"Koodal, Palai, Neythal, Mullai, Vinai",பிரிவின் துயரில் தலைவி கண்ணீர் கடலினும் பெரிதாயிற்று.,"In the sorrow of separation, the heroine's tears became greater than the sea.",0.97,Tamil Scholar / Tolkappiyam Tradition,1,[]
udal,Udal,ஊடல்,Uudal,Tamil,Sangam,"Lover's tiff, feigned anger in marriage",Temporary romantic disagreement or feigned anger between married lovers.,"Thirukkural Chapter 131 praises Udal as the 'pepper' that spices married life. In Marutham Tinai, the wife's Udal is her righteous response to infidelity. It is a sophisticated convention of Akam poetry, not mere quarreling.","Sulking, lover's quarrel.",Parimelazhagar,Thirukkural Ch 131; Kalithokai; Marutham Tinai,"Marutham, Manaivi, Anbu, Vekuli",ஊடல் உவகை தரும் இல்லறத்தின் இனிய நிகழ்வாகும்.,The lover's tiff is a sweet event of domestic life that eventually brings joy.,0.95,Tamil Scholar / Tolkappiyam Tradition,1,[]
naduvaikal,Naduvaikal,நடுகல்,Nadukal,Tamil,Sangam,"Hero stone, memorial stone",Memorial stone erected to commemorate heroes who died in battle.,"Naduvaikal is a uniquely Tamil institution documented in Purananuru and in archaeological finds across Tamil Nadu. After a hero's death in Thumbai combat, a stone was inscribed, worshipped, and sung to. It is the physical form of Pukazh.","Memorial stone, hero's monument.",Nachinarkkiniyar,Purananuru; Tolkappiyam Purattinaiyal,"Viram, Pukazh, Thumbai, Manam, Puram",போர்க்களத்தில் மாண்ட வீரனுக்கு நடுகல் நட்டு வணங்கினர்.,They erected and worshipped a hero stone for the warrior who fell on the battlefield.,0.97,Tamil Scholar / Tolkappiyam Tradition,1,[]
avai,Avai,அவை,Avai,Tamil,Sangam,"Assembly, royal court, council of elders","The public assembly of learned men, poets, and nobles where discourse happens.",Thirukkural Chapter 73 covers Avai: how to speak in assemblies. The Sangam literary academies (Sangams) were the supreme Avais. The Avai was the crucible of Tamil intellectual life.,"Assembly, gathering, parliament.",Parimelazhagar,Thirukkural Ch 73; Purananuru,"Pulavan, Nool, Sankam, Arasan",பல்லார் முனியப் பயனில சொல்லுவான் எல்லாரும் எள்ளப் படும்.,He who speaks useless words to the disgust of the assembly will be despised by all.,0.95,Tamil Scholar / Tolkappiyam Tradition,1,[]
sankam,Sankam,சங்கம்,Sangam,Tamil,Sangam,"Literary academy, assembly of poets",The mythical or historical academies of Tamil poets that produced the classical corpus.,"The Three Sangams (Muthal, Idai, Kadai Sangam) of Madurai are described in later Tamil tradition as academies under royal patronage that preserved the classical corpus. The term gives the Sangam era its name.","Academy, organization, association.",Irakavaiyankaar,Nakkiranar Irayanar Agapporul Commentary,"Avai, Pulavan, Arasan, Nool",மதுரையில் நடைபெற்ற சங்கத்தில் தமிழ்ப் புலவர்கள் கூடிப் பாடினர்.,Tamil poets gathered at the Sangam in Madurai and composed their poems.,0.93,Tamil Scholar / Tolkappiyam Tradition,1,[]
nadu,Nadu,நாடு,Nadu,Tamil,Sangam,"Country, territory, state",A prosperous territory governed by a just king with fertile land and happy people.,"Thirukkural Chapter 74 defines the ideal Nadu: fortress, food, wealth, army, allies, and wise counsel. The king's virtue determines the Nadu's prosperity — even rainfall depends on the ruler's righteousness.","Country, land, place.",Parimelazhagar,Thirukkural Ch 74,"Arasan, Sengol, Aran, Porul",வளம் கெழு நாட்டில் மக்கள் மகிழ்வாக வாழ்ந்தனர்.,People lived happily in the prosperous and fertile land.,0.95,Tamil Scholar / Tolkappiyam Tradition,1,[]
aran,Aran,அரண்,Aran,Tamil,Sangam & Post-Sangam,"Fortress, natural or built defense",A natural or constructed fortification protecting the kingdom.,"Thirukkural Chapter 75 defines the ideal Aran. Three types exist: natural (mountains, rivers), constructed (walls), and divine. The greatest Aran is the king's virtue — 'Aram is the fortress of virtuous life.'","Fort, fortress, fortification.",Parimelazhagar,Thirukkural Ch 75,"Nochi, Nadu, Arasan, Viram",அரணின் வலிமை படை வலிமையிலும் அரசனின் நேர்மையிலும் அமைந்திருக்கிறது.,The strength of a fortress lies in the strength of the army and the king's integrity.,0.94,Tamil Scholar / Tolkappiyam Tradition,1,[]
mey,Mey,மெய்,Mey,Tamil,Sangam,"Truth, body, physical reality",The absolute truth or physical reality of existence.,"Mey has two primary meanings: (1) the body — the physical vessel, and (2) truth — the absolute reality beyond illusion. In Tolkappiyam Meyppattiyal, 'Meyppadu' (physical manifestation) derives from Mey.","Body, truth.",Nachinarkkiniyar,Tolkappiyam; Thirukkural,"Vaimai, Uyir, Oozh",மெய்யறிந்தோர் வாய்ச்சொல் செம்பொருள் ஆகும்.,The words of those who have known truth become the true meaning itself.,0.94,Tamil Scholar / Tolkappiyam Tradition,1,[]
uyir,Uyir,உயிர்,Uyir,Tamil,Sangam,"Life, soul, animating force",The animating principle that distinguishes living beings from the non-living.,Tolkappiyam distinguishes Uyir (soul/life) from Mey (body). Thirukkural constantly references Uyir as the precious gift to be protected. Sangam poetry frames all ethical values in relation to the Uyir's welfare.,"Life, soul, vitality.",Nachinarkkiniyar,"Tolkappiyam; Thirukkural Chs 1, 33","Mey, Aram, Kollamai, Vinai",உயிர்க்கு அறம் செய்தல் உயர்ந்த கடன் ஆகும்.,Performing virtue for all living souls is the highest duty.,0.97,Tamil Scholar / Tolkappiyam Tradition,1,[]
vel,Vel,வேல்,Vel,Tamil,Sangam,"Spear, symbol of Murugan",The primary weapon of the Tamil warrior and divine symbol of Lord Murugan.,"The Vel is both a weapon and a symbol. As the weapon of Murugan (the Tamil deity), it represents divine justice. Warriors carried Vel as a sacred symbol. Sangam poems describe its golden shaft and its terrifying power in battle.","Spear, trident.",Nachinarkkiniyar,Purananuru; Pathitrupathu; Tolkappiyam,"Viram, Puram, Arasan, Thumbai",வேல் ஏந்தி வீரன் போர்க்களம் புகுந்தான்.,"Holding the spear, the warrior entered the battlefield.",0.95,Tamil Scholar / Tolkappiyam Tradition,1,[]
velvi,Velvi,வேள்வி,Velvi,Tamil,Sangam,"Sacrificial ritual, sacred fire offering",Ritual fire sacrifices performed by kings and priests to ensure cosmic order.,"Velvi (Yajna) was performed by Sangam kings to secure divine favor, rain, and victory. Purananuru 15: Kapilar praises the king who performed many Velvis. Five types of Velvi are also listed in Thirukkural Ch 5.","Yagna, fire ritual, sacrifice.",Nachinarkkiniyar,Purananuru 15; Thirukkural Ch 5; Akananuru 1,"Aram, Arasan, Kodai, Uyir",நன்பல வேள்வி செய்து முடித்த அரசனைக் கபிலர் பாராட்டினார்.,Kapilar praised the king who successfully performed many noble fire sacrifices.,0.95,Tamil Scholar / Tolkappiyam Tradition,1,[]
